Rank,Club,Country,Level,Elo,From,To
1,Man City,ENG,1,2066.54394531,2023-05-01,2023-05-03
2,Bayern,GER,1,1949.06298828,2023-05-01,2023-05-06
3,Liverpool,ENG,1,1937.72924805,2023-05-03,2023-05-03
4,Arsenal,ENG,1,1927.44018555,2023-05-03,2023-05-07
5,Real Madrid,ESP,1,1924.06945801,2023-05-03,2023-05-09
6,Napoli,ITA,1,1923.95300293,2023-05-03,2023-05-04
7,Barcelona,ESP,1,1897.07775879,2023-05-03,2023-05-09
8,Newcastle,ENG,1,1879.37597656,2023-05-01,2023-05-07
9,Man United,ENG,1,1857.48266602,2023-05-01,2023-05-03
10,Milan,ITA,1,1853.11523438,2023-05-01,2023-05-03
11,Inter,ITA,1,1851.54345703,2023-05-01,2023-05-03
12,Atletico,ESP,1,1848.67456055,2023-05-01,2023-05-03
13,Dortmund,GER,1,1827.58984375,2023-05-01,2023-05-04
14,Brighton,ENG,1,1824.44262695,2023-05-01,2023-05-03
15,Porto,POR,1,1824.41992188,2023-05-01,2023-05-03
16,Paris SG,FRA,1,1823.54504395,2023-05-01,2023-05-03
17,Juventus,ITA,1,1822.48779297,2023-05-01,2023-05-03
18,Roma,ITA,1,1813.32800293,2023-05-01,2023-05-03
19,Tottenham,ENG,1,1813.09729004,2023-05-01,2023-05-03
20,Benfica,POR,1,1809.42041016,2023-05-01,2023-05-06
21,Aston Villa,ENG,1,1808.90734863,2023-05-01,2023-05-06
22,Leverkusen,GER,1,1800.51159668,2023-04-30,2023-05-05
23,RB Leipzig,GER,1,1796.21826172,2023-04-30,2023-05-05
24,Chelsea,ENG,1,1784.50512695,2023-05-03,2023-05-06
25,Brentford,ENG,1,1782.05310059,2023-04-30,2023-05-06
26,Sociedad,ESP,1,1774.29675293,2023-05-03,2023-05-03
27,Atalanta,ITA,1,1773.96240234,2023-05-03,2023-05-03
28,Lazio,ITA,1,1773.46704102,2023-05-03,2023-05-03
29,Feyenoord,NED,1,1764.48937988,2023-05-03,2023-05-07
30,Ajax,NED,1,1760.75354004,2023-05-03,2023-05-04
31,Sevilla,ESP,1,1760.01855469,2023-05-03,2023-05-04
32,Villarreal,ESP,1,1758.59301758,2023-05-01,2023-05-03
33,West Ham,ENG,1,1758.5189209,2023-05-01,2023-05-03
34,Union Berlin,GER,1,1753.2713623,2023-05-01,2023-05-06
35,Freiburg,GER,1,1751.78662109,2023-04-30,2023-05-06
36,Sporting,POR,1,1750.36230469,2023-05-01,2023-05-06
37,Crystal Palace,ENG,1,1749.26818848,2023-05-01,2023-05-06
38,Marseille,FRA,1,1749.15344238,2023-05-01,2023-05-06
39,PSV,NED,1,1742.18164062,2023-04-30,2023-05-06
40,Wolfsburg,GER,1,1741.71105957,2023-05-01,2023-05-06
41,Fiorentina,ITA,1,1737.37683105,2023-05-01,2023-05-03
42,Lens,FRA,1,1735.41064453,2023-05-03,2023-05-03
43,Bilbao,ESP,1,1727.81567383,2023-05-02,2023-05-04
44,Betis,ESP,1,1727.55249023,2023-05-01,2023-05-04
45,Mainz,GER,1,1724.3145752,2023-05-01,2023-05-04
46,Leicester,ENG,1,1717.87121582,2023-05-02,2023-05-04
47,Frankfurt,GER,1,1715.98217773,2023-05-01,2023-05-05
48,Fulham,ENG,1,1715.73376465,2023-05-01,2023-05-03
49,Wolves,ENG,1,1715.3848877,2023-04-30,2023-05-03
50,Salzburg,AUT,1,1713.94360352,2023-04-27,2023-05-03
51,Burnley,ENG,2,1713.93151855,2023-04-30,2023-05-03
52,Zenit,RUS,1,1709.90014648,2023-04-30,2023-05-06
53,Lille,FRA,1,1702.74462891,2023-05-01,2023-05-06
54,Lyon,FRA,1,1696.24682617,2023-05-01,2023-05-06
55,Bologna,ITA,1,1692.48730469,2023-05-01,2023-05-04
56,Sassuolo,ITA,1,1687.6295166,2023-05-01,2023-05-03
57,Rennes,FRA,1,1687.35754395,2023-05-01,2023-05-03
58,Braga,POR,1,1682.4576416,2023-05-01,2023-05-06
59,Monaco,FRA,1,1680.79602051,2023-05-01,2023-05-06
60,Bournemouth,ENG,1,1678.9954834,2023-05-01,2023-05-03
61,Celta,ESP,1,1677.95898438,2023-05-01,2023-05-03
62,Girona,ESP,1,1677.15710449,2023-05-02,2023-05-04
63,Gladbach,GER,1,1675.95751953,2023-05-02,2023-05-04
64,Udinese,ITA,1,1675.09655762,2023-05-02,2023-05-04
65,Torino,ITA,1,1675.00756836,2023-05-02,2023-05-03
66,Everton,ENG,1,1667.62683105,2023-05-02,2023-05-08
67,St Gillis,BEL,1,1664.43212891,2023-05-02,2023-05-03
68,Leeds,ENG,1,1662.2097168,2023-05-02,2023-05-03
69,Alkmaar,NED,1,1661.17456055,2023-05-02,2023-05-03
70,Osasuna,ESP,1,1656.76184082,2023-05-03,2023-05-03
71,Celtic,SCO,1,1652.9979248,2023-04-30,2023-05-03
72,Koeln,GER,1,1650.57775879,2023-04-30,2023-05-03
73,Mallorca,ESP,1,1646.00512695,2023-05-02,2023-05-03
74,Monza,ITA,1,1645.58972168,2023-05-01,2023-05-03
75,Nice,FRA,1,1643.15710449,2023-05-01,2023-05-04
76,Fenerbahce,TUR,1,1643.10058594,2023-04-30,2023-05-04
77,Valencia,ESP,1,1641.69042969,2023-05-01,2023-05-03
78,Sheffield United,ENG,2,1641.26013184,2023-05-01,2023-05-04
79,Young Boys,SUI,1,1638.53198242,2023-05-01,2023-05-06
80,Forest,ENG,1,1635.76928711,2023-05-01,2023-05-08
81,Rayo Vallecano,ESP,1,1634.80224609,2023-05-01,2023-05-04
82,Cadiz,ESP,1,1633.10559082,2023-05-01,2023-05-03
83,Southampton,ENG,1,1631.30957031,2023-05-01,2023-05-04
84,Rangers,SCO,1,1630.58544922,2023-04-27,2023-05-04
85,Genk,BEL,1,1629.64196777,2023-05-01,2023-05-06
86,Shakhtar,UKR,1,1627.5736084,2023-05-01,2023-05-03
87,Crvena Zvezda,SRB,1,1626.77612305,2023-05-01,2023-05-03
88,Getafe,ESP,1,1626.5949707,2023-05-01,2023-05-03
89,Reims,FRA,1,1620.50415039,2023-05-01,2023-05-03
90,Brugge,BEL,1,1619.93310547,2023-05-01,2023-05-03
91,Galatasaray,TUR,1,1619.26208496,2023-05-01,2023-05-03
92,Hoffenheim,GER,1,1618.7364502,2023-05-01,2023-05-03
93,Stuttgart,GER,1,1617.91491699,2023-05-01,2023-05-03
94,Verona,ITA,1,1617.63928223,2023-05-01,2023-05-03
95,Dinamo Zagreb,CRO,1,1617.49536133,2023-05-01,2023-05-06
96,Almeria,ESP,1,1616.50537109,2023-05-03,2023-05-06
97,Werder,GER,1,1613.75537109,2023-05-03,2023-05-06
98,Levante,ESP,2,1612.8840332,2023-05-03,2023-05-06
99,Valladolid,ESP,1,1612.17956543,2023-05-03,2023-05-04
100,Salernitana,ITA,1,1606.62084961,2023-05-01,2023-05-03
None,Antwerp,BEL,1,1606.13220215,2023-04-30,2023-05-03
None,Espanyol,ESP,1,1603.61254883,2023-05-01,2023-05-04
None,FC Kobenhavn,DEN,1,1602.73803711,2023-05-01,2023-05-08
None,Luton,ENG,2,1602.35400391,2023-05-02,2023-05-08
None,Darmstadt,GER,2,1600.5378418,2023-05-01,2023-05-06
None,Genoa,ITA,2,1600.17749023,2023-05-02,2023-05-06
None,Granada,ESP,2,1599.78637695,2023-05-01,2023-05-05
None,Augsburg,GER,1,1599.48510742,2023-04-30,2023-05-06
None,Empoli,ITA,1,1597.50231934,2023-05-01,2023-05-04
None,Besiktas,TUR,1,1597.44787598,2023-05-01,2023-05-06
None,Twente,NED,1,1593.30554199,2023-04-24,2023-05-07
None,Bochum,GER,1,1591.04516602,2023-04-29,2023-05-06
None,Montpellier,FRA,1,1590.89990234,2023-05-01,2023-05-07
None,Slavia Praha,CZE,1,1590.26293945,2023-05-01,2023-05-07
None,Strasbourg,FRA,1,1584.94787598,2023-04-29,2023-05-07
None,Lecce,ITA,1,1584.65661621,2023-04-29,2023-05-03
None,Eibar,ESP,2,1583.93237305,2023-05-01,2023-05-08
None,Middlesbrough,ENG,2,1582.67224121,2023-05-02,2023-05-08
None,Gent,BEL,1,1581.41015625,2023-04-29,2023-05-06
None,Schalke,GER,1,1580.35107422,2023-04-30,2023-05-05
None,Heidenheim,GER,2,1577.49804688,2023-04-29,2023-05-07
None,Sturm Graz,AUT,1,1576.11352539,2023-04-27,2023-05-07
None,Rakow,POL,1,1574.64831543,2023-04-29,2023-05-07
None,Maccabi Haifa,ISR,1,1574.60717773,2023-05-02,2023-05-08
None,Lorient,FRA,1,1574.47729492,2023-05-01,2023-05-07
None,Frosinone,ITA,2,1574.20947266,2023-05-02,2023-05-06
None,Sparta Praha,CZE,1,1572.20812988,2023-05-01,2023-05-07
None,Alaves,ESP,2,1570.89660645,2023-04-30,2023-05-05
None,Hamburg,GER,2,1568.12329102,2023-04-30,2023-05-05
None,Clermont,FRA,1,1566.09375,2023-05-01,2023-05-07
None,Karabakh Agdam,AZE,0,1564.47973633,2023-02-24,2023-07-11
None,Nantes,FRA,1,1562.34130859,2023-04-24,2023-05-03
None,Toulouse,FRA,1,1560.80505371,2023-05-03,2023-05-07
None,CSKA Moskva,RUS,1,1560.78088379,2023-04-30,2023-05-07
None,Spezia,ITA,1,1560.23156738,2023-04-29,2023-05-03
None,Hertha,GER,1,1559.73400879,2023-05-01,2023-05-06
None,Sparta Rotterdam,NED,1,1558.7232666,2023-04-24,2023-05-06
None,M Tel Aviv,ISR,1,1558.35754395,2023-04-30,2023-05-08
None,Las Palmas,ESP,2,1555.73388672,2023-05-01,2023-05-08
None,Midtjylland,DEN,1,1553.91149902,2023-05-02,2023-05-07
None,Beer-Sheva,ISR,1,1553.83850098,2023-05-02,2023-05-08
None,Anderlecht,BEL,1,1553.73547363,2023-04-24,2023-07-25
None,Spartak Moskva,RUS,1,1552.34680176,2023-04-30,2023-05-07
None,Bodoe Glimt,NOR,1,1552.11291504,2023-04-30,2023-05-03
None,Coventry,ENG,2,1549.51513672,2023-04-30,2023-05-08
None,Brest,FRA,1,1547.98278809,2023-04-24,2023-05-03
None,Molde,NOR,1,1543.55163574,2023-05-01,2023-05-03
None,Elche,ESP,1,1542.20715332,2023-05-03,2023-05-09
None,Millwall,ENG,2,1537.70703125,2023-04-29,2023-05-08
None,Cagliari,ITA,2,1537.64562988,2023-05-01,2023-05-05
None,Utrecht,NED,1,1536.40966797,2023-04-24,2023-05-06
None,St Pauli,GER,2,1535.36401367,2023-04-30,2023-05-06
None,Sampdoria,ITA,1,1534.40795898,2023-05-01,2023-05-03
None,Basel,SUI,1,1533.54614258,2023-05-01,2023-05-07
None,Swansea,ENG,2,1532.0123291,2023-04-30,2023-05-08
None,West Brom,ENG,2,1531.92211914,2023-04-30,2023-05-08
None,Oviedo,ESP,2,1530.3638916,2023-05-01,2023-05-07
None,Rostov,RUS,1,1527.78894043,2023-04-30,2023-05-06
None,Tenerife,ESP,2,1526.6385498,2023-04-30,2023-05-06
None,Adana Demirspor,TUR,1,1525.84460449,2023-04-24,2023-05-06
None,Lech,POL,1,1525.68225098,2023-05-01,2023-05-06
None,Paderborn,GER,2,1525.27331543,2023-04-29,2023-05-05
None,Duesseldorf,GER,2,1524.96850586,2023-05-01,2023-05-06
None,Metz,FRA,2,1521.64892578,2023-04-30,2023-05-06
None,Cartagena,ESP,2,1521.21899414,2023-04-30,2023-05-07
None,Norwich,ENG,2,1519.44042969,2023-04-30,2023-05-08
None,Razgrad,BUL,1,1519.05432129,2023-05-01,2023-05-03
None,Cremonese,ITA,1,1518.50634766,2023-05-01,2023-05-03
None,LASK,AUT,1,1518.33081055,2023-05-01,2023-05-07
None,Viktoria Plzen,CZE,1,1517.99035645,2023-05-01,2023-05-06
None,Dynamo Kyiv,UKR,1,1516.74926758,2023-04-29,2023-05-08
None,Bueyueksehir,TUR,1,1514.09765625,2023-05-01,2023-05-08
None,Sunderland,ENG,2,1514.06262207,2023-04-30,2023-05-08
None,Auxerre,FRA,1,1513.32141113,2023-05-01,2023-05-07
None,Huesca,ESP,2,1512.94482422,2023-05-02,2023-05-06
None,AEK,GRE,1,1511.91296387,2023-05-01,2023-05-03
None,Zaragoza,ESP,2,1510.296875,2023-05-01,2023-05-07
None,FC Krasnodar,RUS,1,1510.27600098,2023-04-30,2023-05-07
None,Bari,ITA,2,1508.79943848,2023-05-02,2023-05-06
None,Bordeaux,FRA,2,1508.64050293,2023-04-30,2023-05-06
None,Watford,ENG,2,1507.27148438,2023-04-30,2023-05-08
None,Andorra CF,ESP,2,1507.1619873,2023-04-23,2023-05-07
None,Olympiakos,GRE,1,1506.88305664,2023-05-01,2023-05-03
None,Albacete,ESP,2,1506.34802246,2023-04-30,2023-05-07
None,Famalicao,POR,1,1505.98266602,2023-05-01,2023-05-08
None,Dynamo Moskva,RUS,1,1504.58093262,2023-04-29,2023-05-06
None,Blackburn,ENG,2,1503.05761719,2023-05-02,2023-05-08
None,Standard,BEL,1,1501.04345703,2023-04-30,2023-05-06
None,Panathinaikos,GRE,1,1500.78833008,2023-05-01,2023-05-03
None,Charleroi,BEL,1,1500.72521973,2023-04-24,2023-07-25
None,Guimaraes,POR,1,1499.78613281,2023-04-30,2023-05-07
None,Trabzonspor,TUR,1,1499.71008301,2023-04-30,2023-05-08
None,Le Havre,FRA,2,1498.48291016,2023-04-30,2023-05-08
None,Cercle Brugge,BEL,1,1496.74755859,2023-04-30,2023-05-07
None,Parma,ITA,2,1496.26159668,2023-05-02,2023-05-07
None,Hajduk,CRO,1,1495.47998047,2023-05-01,2023-05-07
None,Mirandes,ESP,2,1495.40307617,2023-04-24,2023-05-06
None,Preston,ENG,2,1494.77612305,2023-04-30,2023-05-08
None,Lugano,SUI,1,1494.26672363,2023-04-30,2023-05-07
None,Arouca,POR,1,1494.26586914,2023-04-29,2023-05-08
None,Stoke,ENG,2,1494.22827148,2023-04-30,2023-05-08
None,Lok Moskva,RUS,1,1493.73974609,2023-05-01,2023-05-08
None,Luzern,SUI,1,1493.31567383,2023-05-01,2023-05-07
None,Venezia,ITA,2,1492.64147949,2023-05-02,2023-05-06
None,Ferencvaros,HUN,1,1490.29272461,2023-05-02,2023-05-06
None,Gijon,ESP,2,1490.07592773,2023-05-02,2023-05-07
None,Burgos,ESP,2,1489.58886719,2023-05-02,2023-05-07
None,Sheriff Tiraspol,MOL,0,1488.75915527,2023-03-17,2023-07-12
None,Vitesse,NED,1,1486.93664551,2023-04-23,2023-05-07
None,Huddersfield,ENG,2,1486.41516113,2023-05-01,2023-05-04
None,Konyaspor,TUR,1,1485.68310547,2023-04-30,2023-05-07
None,Pisa,ITA,2,1485.15930176,2023-05-02,2023-05-06
None,Viborg,DEN,1,1484.96862793,2023-05-01,2023-05-07
None,Hull,ENG,2,1484.63806152,2023-04-30,2023-05-08
None,Legia,POL,1,1484.20593262,2023-04-29,2023-05-07
None,Nordsjaelland,DEN,1,1482.24633789,2023-05-01,2023-05-08
None,Haecken,SWE,1,1481.39562988,2023-04-30,2023-05-03
None,Zorya,UKR,1,1481.2421875,2023-04-30,2023-05-03
None,Fatih Karaguemruek,TUR,1,1478.66918945,2023-04-30,2023-05-07
None,Rapid Wien,AUT,1,1478.30773926,2023-04-27,2023-05-07
None,Suedtirol,ITA,2,1475.72338867,2023-05-02,2023-05-06
None,Rosenborg,NOR,1,1475.00354004,2023-05-01,2023-05-03
None,Leganes,ESP,2,1474.69262695,2023-04-30,2023-05-06
None,Bristol City,ENG,2,1474.0489502,2023-04-30,2023-05-08
None,StGallen,SUI,1,1473.89099121,2023-04-30,2023-05-06
None,Leuven,BEL,1,1473.59301758,2023-04-24,2023-07-25
None,Terek Grozny,RUS,1,1472.56408691,2023-04-30,2023-05-06
None,Apollon Lemesos,CYP,0,1471.55285645,2023-03-17,2023-07-01
None,Santander,ESP,2,1470.68225098,2023-04-29,2023-05-06
None,Larnaca,CYP,0,1470.26098633,2023-03-17,2023-07-26
None,Chaves,POR,1,1469.64770508,2023-04-30,2023-05-08
None,Nijmegen,NED,1,1468.85339355,2023-04-26,2023-05-06
None,Sochi,RUS,1,1467.6451416,2023-05-01,2023-05-08
None,Gil Vicente,POR,1,1466.44238281,2023-04-30,2023-05-06
None,Servette,SUI,1,1465.74938965,2023-04-30,2023-05-07
None,Karlsruhe,GER,2,1465.41552734,2023-05-01,2023-05-06
None,Westerlo,BEL,1,1465.38317871,2023-04-29,2023-05-07
None,Djurgarden,SWE,1,1465.25109863,2023-05-01,2023-05-03
None,Malaga,ESP,2,1463.96435547,2023-05-02,2023-05-07
None,Bielefeld,GER,2,1463.79931641,2023-04-30,2023-05-05
None,Holstein,GER,2,1463.00097656,2023-05-01,2023-05-06
None,Waalwijk,NED,1,1461.14526367,2023-04-24,2023-05-05
None,Troyes,FRA,1,1460.68652344,2023-05-01,2023-05-07
None,Brondby,DEN,1,1460.33752441,2023-05-01,2023-05-07
None,PAOK,GRE,1,1459.80053711,2023-05-01,2023-05-03
None,Randers,DEN,1,1459.36083984,2023-05-01,2023-05-07
None,Zuerich,SUI,1,1459.328125,2023-05-01,2023-05-07
None,Heerenveen,NED,1,1458.95397949,2023-04-23,2023-05-06
None,Fuerth,GER,2,1458.91674805,2023-04-29,2023-05-05
None,Ascoli,ITA,2,1457.57348633,2023-05-02,2023-05-06
None,St Truiden,BEL,1,1457.51184082,2023-04-24,2023-07-25
None,Boavista,POR,1,1457.05529785,2023-05-01,2023-05-06
None,Sivasspor,TUR,1,1456.29333496,2023-04-30,2023-05-07
None,Malmoe,SWE,1,1456.10241699,2023-05-01,2023-05-04
None,Como,ITA,2,1455.55615234,2023-05-02,2023-05-06
None,Aarhus,DEN,1,1454.78271484,2023-05-01,2023-05-07
None,Rio Ave,POR,1,1454.57495117,2023-04-29,2023-05-07
None,Vizela,POR,1,1452.09472656,2023-04-30,2023-05-07
None,Austria Wien,AUT,1,1450.80358887,2023-04-27,2023-05-07
None,Cardiff,ENG,2,1450.68005371,2023-05-01,2023-05-08
None,Saint-Etienne,FRA,2,1450.31164551,2023-04-30,2023-05-06
None,Hammarby,SWE,1,1450.24902344,2023-05-01,2023-05-04
None,Hannover,GER,2,1449.79748535,2023-04-30,2023-05-06
None,CSKA Sofia,BUL,1,1448.49597168,2023-05-01,2023-05-04
None,Partizan,SRB,1,1448.36865234,2023-05-02,2023-05-08
None,Dnipro,UKR,1,1447.78210449,2023-04-25,2023-05-03
None,Pogon,POL,1,1447.5916748,2023-04-30,2023-05-07
None,Palermo,ITA,2,1445.24206543,2023-05-02,2023-05-06
None,Sochaux,FRA,2,1445.15246582,2023-05-02,2023-05-06
None,Antalyaspor,TUR,1,1444.67028809,2023-04-30,2023-05-06
None,CFR Cluj,ROM,1,1443.78564453,2023-05-02,2023-05-07
None,Rotherham,ENG,2,1443.65185547,2023-05-02,2023-05-08
None,Lautern,GER,2,1442.95959473,2023-04-30,2023-05-07
None,Steaua,ROM,1,1442.58972168,2023-05-01,2023-05-08
None,Villarreal B,ESP,2,1442.58129883,2023-05-02,2023-05-07
None,Elfsborg,SWE,1,1440.24975586,2023-04-30,2023-05-03
None,Kayseri,TUR,1,1439.41442871,2023-05-01,2023-05-07
None,Birmingham,ENG,2,1438.33251953,2023-04-30,2023-05-08
None,Alanyaspor,TUR,1,1437.64941406,2023-04-29,2023-05-06
None,Grasshoppers,SUI,1,1437.00488281,2023-04-30,2023-05-07
None,Go Ahead Eagles,NED,1,1435.62597656,2023-04-24,2023-05-07
None,Slovacko,CZE,1,1433.40600586,2023-05-01,2023-05-06
None,Rijeka,CRO,1,1433.2052002,2023-05-02,2023-05-06
None,Piast Gliwice,POL,1,1431.34313965,2023-04-30,2023-05-06
None,Kasimpasa,TUR,1,1430.56542969,2023-04-30,2023-05-16
None,Casa Pia,POR,1,1429.70410156,2023-04-30,2023-05-05
None,Ponferradina,ESP,2,1429.31274414,2023-05-01,2023-05-07
None,Perugia,ITA,2,1428.875,2023-05-01,2023-05-05
None,Mechelen,BEL,1,1427.40722656,2023-04-24,2023-07-25
None,Reading,ENG,2,1425.51293945,2023-04-30,2023-05-08
None,Brescia,ITA,2,1425.31567383,2023-05-02,2023-05-07
None,Omonia,CYP,0,1424.90136719,2023-03-17,2023-07-26
None,Reggina,ITA,2,1424.88208008,2023-05-02,2023-05-06
None,Benevento,ITA,2,1423.23986816,2023-05-02,2023-05-06
None,Cittadella,ITA,2,1422.74609375,2023-05-02,2023-05-06
None,Nuernberg,GER,2,1422.20751953,2023-04-30,2023-05-07
None,Orenburg,RUS,1,1422.13598633,2023-05-01,2023-05-07
None,Angers,FRA,1,1421.77429199,2023-05-01,2023-05-07
None,QPR,ENG,2,1421.32189941,2023-04-30,2023-05-08
None,Osijek,CRO,1,1420.41638184,2023-05-01,2023-05-07
None,Caen,FRA,2,1420.08764648,2023-04-30,2023-05-06
None,Craiova,ROM,1,1419.25012207,2023-05-01,2023-05-07
None,Bastia,FRA,2,1418.28356934,2023-04-30,2023-05-06
None,APOEL,CYP,0,1417.74902344,2023-03-17,2023-07-26
None,Ajaccio,FRA,1,1417.07177734,2023-04-30,2023-05-07
None,Portimonense,POR,1,1416.89807129,2023-04-30,2023-05-05
None,Kalmar,SWE,1,1415.29406738,2023-05-01,2023-05-03
None,Paris FC,FRA,2,1414.43371582,2023-04-30,2023-05-06
None,Modena,ITA,2,1413.81103516,2023-05-02,2023-05-06
None,Ternana,ITA,2,1413.50036621,2023-05-01,2023-05-06
None,Spal,ITA,2,1412.95056152,2023-05-01,2023-05-06
None,Odense,DEN,1,1411.83813477,2023-04-29,2023-05-07
None,Wolfsberg,AUT,1,1410.32141113,2023-04-29,2023-05-05
None,Sittard,NED,1,1409.96130371,2023-04-24,2023-05-07
None,Wigan,ENG,2,1409.59521484,2023-04-30,2023-05-08
None,Magdeburg,GER,2,1407.86315918,2023-04-30,2023-05-07
None,Silkeborg,DEN,1,1404.64050293,2023-05-02,2023-05-07
None,Lillestrom,NOR,1,1402.87902832,2023-05-02,2023-05-07
None,Guingamp,FRA,2,1402.4708252,2023-04-30,2023-05-06
None,Aris Limassol,CYP,0,1398.92004395,2023-03-17,2023-07-26
None,Maritimo,POR,1,1397.96862793,2023-04-30,2023-05-07
None,Sverdlovsk,RUS,1,1397.1159668,2023-04-30,2023-05-07
None,Viitorul,ROM,1,1396.86877441,2023-04-30,2023-05-06
None,Blackpool,ENG,2,1396.4395752,2023-04-29,2023-05-08
None,Kryliya Sovetov,RUS,1,1396.34875488,2023-04-30,2023-05-07
None,Warta,POL,1,1395.02929688,2023-04-30,2023-05-05
None,Volendam,NED,1,1394.39501953,2023-04-22,2023-05-05
None,Grenoble,FRA,2,1393.06494141,2023-04-30,2023-05-06
None,Ibiza Eivissa,ESP,2,1392.17346191,2023-04-29,2023-05-07
None,Braunschweig,GER,2,1391.88195801,2023-04-29,2023-05-07
None,Sion,SUI,1,1391.78515625,2023-05-01,2023-05-06
None,Aalborg,DEN,1,1390.84753418,2023-05-01,2023-05-07
None,Wattens,AUT,1,1390.66149902,2023-04-30,2023-05-06
None,Rostock,GER,2,1390.27111816,2023-04-30,2023-05-06
None,Slovan Bratislava,SLK,0,1389.5760498,2023-03-17,2023-07-12
None,Cracovia,POL,1,1385.76452637,2023-05-02,2023-05-06
None,Estoril,POR,1,1385.45874023,2023-05-01,2023-05-06
None,AIK,SWE,1,1384.17077637,2023-04-30,2023-05-03
None,Cosenza,ITA,2,1383.60803223,2023-05-02,2023-05-06
None,Sandhausen,GER,2,1383.2265625,2023-05-01,2023-05-07
None,Pacos Ferreira,POR,1,1383.05102539,2023-04-30,2023-05-07
None,Lustenau,AUT,1,1382.68896484,2023-04-30,2023-05-06
None,Ankaraguecue,TUR,1,1381.29003906,2023-04-30,2023-05-08
None,Aris,GRE,1,1379.21264648,2023-05-01,2023-05-03
None,Regensburg,GER,2,1378.67346191,2023-05-01,2023-05-06
None,FK Astana,KAZ,0,1378.37695312,2022-08-12,2023-07-12
None,Emmen,NED,1,1377.70214844,2023-04-23,2023-05-07
None,Klagenfurt,AUT,1,1376.80395508,2023-05-01,2023-05-07
None,Vaduz,LIE,0,1375.10546875,2023-04-21,2023-05-11
None,Lugo,ESP,2,1373.18652344,2023-05-02,2023-05-07
None,Sigma Olomouc,CZE,1,1373.14880371,2023-05-01,2023-05-07
None,Bohemians Praha,CZE,1,1373.07324219,2023-05-01,2023-05-07
None,Levski,BUL,1,1372.87365723,2023-04-30,2023-05-04
None,Banik Ostrava,CZE,1,1372.43457031,2023-05-01,2023-05-06
None,Netanya,ISR,1,1372.26196289,2023-04-30,2023-05-07
None,Kortrijk,BEL,1,1371.1986084,2023-04-24,2023-07-25
None,Rodez,FRA,2,1370.67041016,2023-04-30,2023-05-08
None,Jagiellonia,POL,1,1369.87658691,2023-04-30,2023-05-05
None,Santa Clara,POR,1,1369.70935059,2023-05-01,2023-05-06
None,Odd Grenland,NOR,1,1369.61047363,2023-05-01,2023-05-03
None,Viking,NOR,1,1369.49023438,2023-05-01,2023-05-07
None,US Quevilly,FRA,2,1368.78662109,2023-04-30,2023-05-06
None,Tromso,NOR,1,1368.63635254,2023-05-01,2023-05-07
None,Sarpsborg,NOR,1,1366.87902832,2023-05-01,2023-05-07
None,Gornik,POL,1,1366.60180664,2023-05-01,2023-05-05
None,Excelsior,NED,1,1363.78503418,2023-04-23,2023-05-07
None,Istanbulspor,TUR,1,1362.77697754,2023-05-02,2023-05-07
None,Lok Zagreb,CRO,1,1362.64086914,2023-05-02,2023-05-07
None,Trnava,SLK,0,1361.30480957,2023-03-17,2023-07-12
None,Pau,FRA,2,1359.7845459,2023-04-30,2023-05-06
None,Cukaricki,SRB,1,1359.32336426,2023-05-01,2023-05-08
None,Norrkoeping,SWE,1,1358.72338867,2023-05-02,2023-05-04
None,CSKA 1948 Sofia,BUL,1,1358.4666748,2023-05-01,2023-05-03
None,Zulte Waregem,BEL,1,1356.53845215,2023-04-24,2023-07-01
None,Dunajska,SLK,0,1355.91174316,2023-03-17,2023-07-12
None,Winterthur,SUI,1,1354.88171387,2023-05-01,2023-05-06
None,Valerenga,NOR,1,1354.64379883,2023-05-02,2023-05-06
None,Mlada Boleslav,CZE,1,1354.28015137,2023-05-01,2023-05-07
None,Paksi,HUN,1,1353.84082031,2023-04-29,2023-05-06
None,Dijon,FRA,2,1353.35327148,2023-05-02,2023-05-06
None,Olexandriya,UKR,1,1352.29406738,2023-04-30,2023-05-03
None,Groningen,NED,1,1351.12414551,2023-04-26,2023-05-07
None,Nizhny Novgorod,RUS,1,1350.51867676,2023-05-01,2023-05-07
None,Mjaellby,SWE,1,1350.50549316,2023-04-30,2023-05-03
None,Oostende,BEL,1,1350.37133789,2023-04-24,2023-07-01
None,Hapoel Jerusalem,ISR,1,1346.79748535,2023-04-30,2023-05-07
None,Ruzomberok,SLK,0,1346.20251465,2023-03-17,2023-07-01
None,Beitar,ISR,1,1344.31323242,2023-04-30,2023-05-06
None,Amiens,FRA,2,1342.68115234,2023-04-30,2023-05-06
None,Radomiak,POL,1,1342.55749512,2023-05-01,2023-05-06
None,Vorskla,UKR,1,1341.23803711,2023-04-30,2023-05-08
None,Kuopio,FIN,0,1341.13500977,2022-11-04,2023-07-12
None,Giresunspor,TUR,1,1340.97790527,2023-05-02,2023-05-07
None,Rapid Bucuresti,ROM,1,1340.74963379,2023-05-02,2023-05-06
None,Istra 1961,CRO,1,1340.60058594,2023-04-30,2023-05-06
None,Aberdeen,SCO,1,1338.19152832,2023-04-24,2023-05-07
None,Hartberg,AUT,1,1337.91345215,2023-04-30,2023-05-06
None,Ashdod,ISR,1,1336.70739746,2023-04-30,2023-05-08
None,Slovan Liberec,CZE,1,1336.47058105,2023-05-01,2023-05-07
None,Umraniyespor,TUR,1,1336.27197266,2023-04-29,2023-05-07
None,FC Khimki,RUS,1,1336.25537109,2023-05-01,2023-05-06
None,Olimpija Ljubljana,SVN,1,1335.94726562,2023-05-01,2023-05-03
None,Valenciennes,FRA,2,1335.89013672,2023-04-30,2023-05-06
None,Nimes,FRA,2,1335.71923828,2023-04-30,2023-05-06
None,HNK Gorica,CRO,1,1334.39550781,2023-05-02,2023-05-06
None,Fakel Voronezh,RUS,1,1334.08837891,2023-04-29,2023-05-06
None,Kolos,UKR,1,1333.03259277,2023-04-29,2023-05-03
None,Maribor,SVN,1,1332.76904297,2023-05-03,2023-05-14
None,Eupen,BEL,1,1331.82824707,2023-04-24,2023-07-25
None,Neftchi,AZE,0,1330.18676758,2023-02-24,2023-07-11
None,Goeteborg,SWE,1,1329.01672363,2023-05-02,2023-05-04
None,Puskas Akademia,HUN,1,1328.83422852,2023-04-30,2023-05-07
None,Kecskemeti,HUN,1,1327.83935547,2023-04-29,2023-05-05
None,Gaziantep FK,TUR,1,1327.70300293,2023-05-01,2023-05-07
None,Plock,POL,1,1327.61450195,2023-04-29,2023-05-07
None,Sepsi,ROM,1,1327.49572754,2023-04-30,2023-05-08
None,Stal Mielec,POL,1,1327.06445312,2023-05-01,2023-05-07
None,Bnei Sakhinin,ISR,1,1326.38146973,2023-05-01,2023-05-06
None,Jablonec,CZE,1,1324.71618652,2023-05-01,2023-05-06
None,Cambuur,NED,1,1324.52661133,2023-04-22,2023-05-06
None,Lyngby,DEN,1,1323.93078613,2023-05-01,2023-05-07
None,Backa Topola,SRB,1,1323.52978516,2023-05-02,2023-05-08
None,H Tel Aviv,ISR,1,1322.70751953,2023-05-01,2023-05-06
None,Kiryat Shmona,ISR,1,1322.44677734,2023-04-30,2023-05-06
None,Hapoel Haifa,ISR,1,1319.9095459,2023-05-01,2023-05-06
None,Debrecen,HUN,1,1319.43994141,2023-05-01,2023-05-06
None,Hearts,SCO,1,1318.86474609,2023-04-23,2023-05-07
None,Ried,AUT,1,1316.15795898,2023-04-30,2023-05-06
None,Haugesund,NOR,1,1315.50585938,2023-05-01,2023-05-07
None,Annecy,FRA,2,1314.41882324,2023-04-30,2023-05-06
None,Cherno More,BUL,1,1313.39099121,2023-05-01,2023-05-03
None,Novi Sad,SRB,1,1313.34814453,2023-04-30,2023-05-08
None,Lubin,POL,1,1312.84777832,2023-04-30,2023-05-06
None,Zira,AZE,0,1312.18798828,2023-02-24,2023-07-01
None,Kisvarda,HUN,1,1311.99353027,2023-04-30,2023-05-06
None,Lechia,POL,1,1311.68151855,2023-04-29,2023-05-06
None,Horsens,DEN,1,1311.64611816,2023-04-29,2023-05-07
None,Slaven Belupo,CRO,1,1308.52868652,2023-05-02,2023-05-06
None,Hatayspor,TUR,1,1307.67370605,2023-05-01,2023-05-07
None,HJK Helsinki,FIN,0,1307.52246094,2022-11-04,2023-07-12
None,Hibernian,SCO,1,1306.68688965,2023-04-23,2023-05-06
None,Videoton,HUN,1,1305.97399902,2023-05-01,2023-05-07
None,Gabala,AZE,0,1305.78601074,2023-02-24,2023-07-11
None,IK Sirius,SWE,1,1303.49291992,2023-04-30,2023-05-03
None,Hradec Kralove,CZE,1,1302.42407227,2023-05-01,2023-05-07
None,Altach,AUT,1,1302.34985352,2023-04-29,2023-05-05
None,BATE,BLR,0,1301.54345703,2023-01-02,2023-07-11
None,Widzew,POL,1,1299.49926758,2023-04-30,2023-05-08
None,Ujpest,HUN,1,1294.55578613,2023-05-02,2023-05-06
None,Korona,POL,1,1294.44702148,2023-05-01,2023-05-07
None,Laval,FRA,2,1293.24816895,2023-04-30,2023-05-06
None,Slask,POL,1,1293.10131836,2023-05-01,2023-05-05
None,Degerfors,SWE,1,1292.52539062,2023-05-01,2023-05-04
None,Brann,NOR,1,1291.93273926,2023-04-30,2023-05-03
None,Stabaek,NOR,1,1290.84484863,2023-05-01,2023-05-07
None,Seraing,BEL,1,1290.73327637,2023-04-23,2023-07-01
None,St Mirren,SCO,1,1289.0769043,2023-04-23,2023-05-06
None,Celje,SVN,1,1284.04797363,2023-04-30,2023-05-03
None,Craiova 1948,ROM,1,1283.42871094,2023-04-29,2023-05-08
None,Varazdin,CRO,1,1282.53649902,2023-05-01,2023-05-05
None,Varnamo,SWE,1,1280.87158203,2023-04-30,2023-05-04
None,Kairat,KAZ,0,1280.63623047,2022-08-12,2023-07-01
None,Ceske Budejovice,CZE,1,1280.37121582,2023-05-01,2023-05-07
None,Voluntari,ROM,1,1280.00805664,2023-05-02,2023-05-05
None,Lok Plovdiv,BUL,1,1279.69799805,2023-05-03,2023-05-08
None,Hapoel Eran Hadera,ISR,1,1277.70275879,2023-05-01,2023-05-06
None,Stromsgodset,NOR,1,1277.43701172,2023-05-01,2023-05-07
None,FK Riga,LAT,0,1274.8951416,2022-11-04,2023-07-11
None,Varbergs,SWE,1,1274.46765137,2023-05-01,2023-05-04
None,Motherwell,SCO,1,1273.94494629,2023-04-23,2023-05-06
None,Niort,FRA,2,1273.50598145,2023-04-30,2023-05-06
None,Kryvbas,UKR,1,1271.04064941,2023-04-30,2023-05-08
None,Dinamo Minsk,BLR,0,1269.81958008,2023-01-02,2023-07-11
None,Pardubice,CZE,1,1268.18676758,2023-05-01,2023-05-06
None,Torpedo Moskva,RUS,1,1268.03588867,2023-05-01,2023-05-06
None,Tescoma Zlin,CZE,1,1266.7331543,2023-05-01,2023-05-06
None,Rukh Lviv,UKR,1,1266.32678223,2023-04-30,2023-05-08
None,Veres,UKR,1,1265.49853516,2023-04-29,2023-05-03
None,Livingston,SCO,1,1264.92126465,2023-04-23,2023-05-06
None,Zalaegerszegi,HUN,1,1264.46813965,2023-04-30,2023-05-07
None,Kyzylzhar,KAZ,0,1263.88110352,2022-08-12,2023-07-01
None,Sfintul Gheorghe,MOL,0,1263.87390137,2023-03-17,2023-07-01
None,Hermannstadt,ROM,1,1262.38476562,2023-05-03,2023-05-08
None,Botosani,ROM,1,1262.10498047,2023-04-30,2023-05-06
None,Maccabi Bnei Raina,ISR,1,1260.65209961,2023-04-30,2023-05-06
None,Ham-Kam,NOR,1,1260.18249512,2023-05-01,2023-05-07
None,OFI,GRE,1,1257.53918457,2023-04-30,2023-05-06
None,Zrinjski Mostar,BHZ,0,1256.59204102,2022-08-26,2023-07-11
None,Miedz Legnica,POL,1,1255.96936035,2023-05-02,2023-05-08
None,Suduva,LIT,0,1255.06896973,2022-11-04,2023-07-01
None,Koper,SVN,1,1254.94189453,2023-05-01,2023-05-04
None,Teplice,CZE,1,1253.50598145,2023-05-01,2023-05-06
None,Mura,SVN,1,1252.5090332,2023-05-03,2023-05-13
None,NFC Volos,GRE,1,1250.39978027,2023-05-01,2023-05-03
None,Honved,HUN,1,1249.4753418,2023-04-30,2023-05-05
None,Haka,FIN,0,1248.5567627,2023-01-01,2023-07-12
None,Honka Espoo,FIN,0,1248.5567627,2023-01-01,2023-07-12
None,Domzale,SVN,1,1248.14379883,2023-04-29,2023-05-04
None,Dundee United,SCO,1,1247.32446289,2023-04-23,2023-05-06
None,Brommapojkarna,SWE,1,1243.8182373,2023-04-30,2023-05-04
None,Sandefjord,NOR,1,1242.83435059,2023-05-01,2023-05-08
None,Brno,CZE,1,1242.08166504,2023-05-01,2023-05-06
None,Petrocub,MOL,0,1241.61853027,2023-03-17,2023-07-12
None,Sibenik,CRO,1,1241.02502441,2023-04-30,2023-05-05
None,Slavia Sofia,BUL,1,1241.00378418,2023-05-03,2023-05-06
None,Mezokovesd-Zsory,HUN,1,1240.38867188,2023-04-30,2023-05-07
None,Aalesund,NOR,1,1239.50012207,2023-05-01,2023-05-03
None,Asteras Tripolis,GRE,1,1238.05187988,2023-04-30,2023-05-06
None,Tobol,KAZ,0,1237.73413086,2022-08-12,2023-07-12
None,Chernomorets,UKR,1,1237.48706055,2023-04-30,2023-05-03
None,Zalgiris Vilnius,LIT,0,1236.91564941,2022-11-04,2023-07-11
None,RFS,LAT,0,1235.89025879,2022-11-04,2023-07-11
None,Liepajas,LAT,0,1235.45666504,2022-11-04,2023-07-01
None,Atromitos,GRE,1,1233.05004883,2023-04-30,2023-05-06
None,Metalist 1925,UKR,1,1231.94592285,2023-04-30,2023-05-08
None,Milsami Orhei,MOL,0,1231.79260254,2023-03-17,2023-07-12
None,Halmstad,SWE,1,1231.44555664,2023-04-30,2023-05-03
None,Tuzla City,BHZ,0,1230.67089844,2022-08-26,2023-07-01
None,Metal Kharkiv,UKR,1,1230.42504883,2023-04-29,2023-05-03
None,Arda,BUL,1,1229.19384766,2023-04-30,2023-05-03
None,Universitatea Cluj,ROM,1,1227.96765137,2023-05-02,2023-05-06
None,Inhulets,UKR,1,1227.95495605,2023-04-15,2023-05-08
None,Giannina,GRE,1,1227.75244141,2023-04-30,2023-05-06
None,Shkendija,MAC,0,1227.65454102,2022-08-26,2023-07-11
None,Petrolul Ploiesti,ROM,1,1225.69543457,2023-04-30,2023-05-05
None,Botev Plovdiv,BUL,1,1222.75317383,2023-04-30,2023-05-04
None,St Johnstone,SCO,1,1217.35388184,2023-04-23,2023-05-06
None,Vikingur,ISL,0,1216.83154297,2022-08-12,2023-06-27
None,UTA Arad,ROM,1,1216.17944336,2023-05-03,2023-05-08
None,Kilmarnock,SCO,1,1215.94274902,2023-04-23,2023-05-06
None,Chindia Targoviste,ROM,1,1214.95300293,2023-04-29,2023-05-05
None,Velez Mostar,BHZ,0,1214.55383301,2022-08-26,2023-07-01
None,Shamrock,IRL,0,1212.15429688,2022-11-04,2023-07-11
None,Ross County,SCO,1,1211.98254395,2023-04-23,2023-05-06
None,Ionikos,GRE,1,1209.49243164,2023-04-30,2023-05-06
None,St Patricks,IRL,0,1206.09094238,2022-11-04,2023-07-11
None,Sektzia Nes Tziona,ISR,1,1205.66833496,2023-04-30,2023-05-06
None,Sligo,IRL,0,1205.19042969,2022-11-04,2023-07-01
None,Breidablik,ISL,0,1199.51257324,2022-08-12,2023-06-27
None,Vozdovac Beograd,SRB,1,1198.32861328,2023-04-30,2023-05-08
None,KR Reykjavik,ISL,0,1197.33508301,2022-08-12,2023-06-27
None,Vasas SC,HUN,1,1196.52307129,2023-04-30,2023-05-06
None,Partizani Tirana,ALB,0,1195.16821289,2022-07-29,2023-07-11
None,Batumi,GEO,0,1194.89404297,2022-07-29,2023-07-12
None,Novi Pazar,SRB,1,1193.4732666,2023-04-30,2023-05-08
None,Mynai,UKR,1,1193.0546875,2023-04-30,2023-05-08
None,Laci,ALB,0,1192.58203125,2022-07-29,2023-07-01
None,Radomlje,SVN,1,1191.89819336,2023-05-01,2023-05-03
None,Pyunik,ARM,0,1191.04785156,2022-11-04,2023-07-11
None,Bravo,SVN,1,1186.45471191,2023-04-30,2023-05-04
None,Derry City,IRL,0,1186.27148438,2022-11-04,2023-07-11
None,Beroe Stara Zagora,BUL,1,1186.14294434,2023-05-01,2023-05-03
None,Arges Pitesti,ROM,1,1185.31433105,2023-04-30,2023-05-08
None,Levadeiakos,GRE,1,1185.29992676,2023-04-30,2023-05-06
None,Saburtalo,GEO,0,1182.53710938,2022-07-29,2023-07-01
None,Borac Banja Luka,BHZ,0,1182.3717041,2022-08-26,2023-07-11
None,Vllaznia,ALB,0,1182.02746582,2022-07-29,2023-07-11
None,Lamia,GRE,1,1181.16784668,2023-04-30,2023-05-06
None,FC Lviv,UKR,1,1180.85046387,2023-04-29,2023-05-03
None,Valmieras,LAT,0,1180.59179688,2022-11-04,2023-07-11
None,Panetolikos,GRE,1,1180.35058594,2023-04-30,2023-05-06
None,Radnik Surdulica,SRB,1,1168.90490723,2023-05-01,2023-05-09
None,Dila Gori,GEO,0,1167.01452637,2022-07-29,2023-07-12
None,Drita,KOS,0,1165.2520752,2022-11-04,2023-07-11
None,Flora Tallinn,EST,0,1158.45349121,2022-08-12,2023-07-11
None,Dinamo Tbilisi,GEO,0,1156.68774414,2022-07-29,2023-07-12
None,Lok Sofia,BUL,1,1145.9296875,2023-05-03,2023-05-06
None,Tirana,ALB,0,1144.51379395,2022-07-29,2023-07-11
None,Alashkert,ARM,0,1143.78491211,2022-11-04,2023-07-11
None,Krusevac,SRB,1,1141.47387695,2023-05-01,2023-05-09
None,Panevezys,LIT,0,1141.26037598,2022-11-04,2023-07-11
None,Kragujevac,SRB,1,1140.90771484,2023-04-30,2023-05-08
None,Mladost Lucani,SRB,1,1136.52172852,2023-05-01,2023-05-09
None,Gloria Buzau,ROM,1,1136.31591797,2023-02-24,2023-05-28
None,Dinamo Bucuresti,ROM,1,1136.31591797,2023-02-24,2023-05-29
None,Neman Grodno,BLR,0,1135.98596191,2023-01-02,2023-07-11
None,Zlatibor,SRB,1,1134.68334961,2023-05-02,2023-05-07
None,Nis,SRB,1,1133.80151367,2023-05-01,2023-05-09
None,Ararat,ARM,0,1126.0579834,2022-11-04,2023-07-11
None,The New Saints,WAL,0,1125.16027832,2022-07-29,2023-07-12
None,Botev Vratsa,BUL,1,1124.36291504,2023-05-03,2023-05-08
None,Mioveni,ROM,1,1124.09155273,2023-04-30,2023-05-05
None,Torpedo Zhodino,BLR,0,1122.73132324,2023-01-02,2023-07-11
None,Hamrun,MLT,0,1120.28771973,2022-08-26,2023-07-11
None,Kauno Zalgiris,LIT,0,1115.96691895,2022-11-04,2023-07-11
None,Tabor Sezana,SVN,1,1109.52270508,2023-05-01,2023-05-04
None,Linfield,NIR,0,1108.93762207,2022-08-26,2023-07-12
None,Septemvri Sofia,BUL,1,1101.03173828,2023-04-29,2023-05-04
None,Nova Gorica,SVN,1,1099.58703613,2023-04-29,2023-05-03
None,Blagoevgrad,BUL,1,1096.64733887,2023-05-01,2023-05-04
None,Kolubara Lazarevac,SRB,1,1092.27246094,2023-05-02,2023-05-07
None,Mladost Novi Sad,SRB,1,1088.2364502,2023-05-03,2023-05-07
None,Ballkani,KOS,0,1087.43371582,2022-11-04,2023-07-11
None,Ivanjica,SRB,1,1086.54370117,2023-05-03,2023-05-07
None,Akademija Pandev,MAC,0,1084.90966797,2022-08-26,2023-07-01
None,Makedonija,MAC,0,1084.33203125,2022-08-26,2023-07-11
None,Hebar,BUL,1,1084.25830078,2023-04-30,2023-05-04
None,Larne,NIR,0,1083.04138184,2022-08-26,2023-07-12
None,Shkupi,MAC,0,1070.48706055,2022-08-26,2023-07-11
None,Crusaders,NIR,0,1069.93310547,2022-08-26,2023-07-12
None,Decic,MAC,0,1068.94750977,2022-08-26,2023-07-01
None,Spartak Varna,BUL,1,1068.4362793,2023-04-29,2023-05-03
None,Gzira United,MLT,0,1066.52868652,2022-08-26,2023-07-11
None,Cliftonville,NIR,0,1064.05334473,2022-08-26,2023-07-01
None,Klaksvik,FAR,0,1062.00183105,2022-08-12,2023-07-11
None,Floriana,MLT,0,1061.65759277,2022-08-26,2023-07-01
None,Danilovgrad,MNT,0,1059.48986816,2022-07-29,2023-06-27
None,Differdang,LUX,0,1059.37866211,2022-08-26,2023-07-12
None,Dudelange,LUX,0,1058.95483398,2022-08-26,2023-07-12
None,Hibernians Paola,MLT,0,1056.53564453,2022-08-26,2023-07-01
None,Paide Linnameeskond,EST,0,1053.18762207,2022-08-12,2023-07-11
None,Llapi,KOS,0,1051.22717285,2022-11-04,2023-07-01
None,KF Gjilani,KOS,0,1044.92407227,2022-11-04,2023-07-11
None,Fola Esch,LUX,0,1043.79577637,2022-08-26,2023-07-01
None,R Letzebuerg,LUX,0,1043.51867676,2022-08-26,2023-07-01
None,Bala,WAL,0,1029.17810059,2022-07-29,2023-07-01
None,FC Infonet,EST,0,1026.04077148,2022-08-12,2023-07-11
None,Podgorica,MNT,0,1022.30743408,2022-07-29,2023-06-27
None,Sutjeska,MNT,0,1013.36889648,2022-07-29,2023-06-27
None,Newtown AFC,WAL,0,1012.89978027,2022-07-29,2023-07-01
None,HB Torshavn,FAR,0,1011.05029297,2022-08-12,2023-07-11
None,Gota,FAR,0,1008.4105835,2022-08-12,2023-07-11
None,B 36 Torshavn,FAR,0,1007.75463867,2022-08-12,2023-07-11
None,Lincoln,GIB,0,974.74407959,2022-07-29,2023-07-11
None,St Josephs,GIB,0,934.192749023,2022-07-29,2023-07-01
None,College Europa,GIB,0,930.410400391,2022-07-29,2023-07-11
None,FCB Magpies,GIB,0,876.814941406,2022-07-29,2023-07-11
None,Escaldes,AND,0,817.708618164,2022-07-28,2023-06-27
None,Escale,AND,0,809.113891602,2022-07-28,2023-06-27
None,Atletic Club Escaldes,AND,0,806.759765625,2022-07-28,2023-06-27
None,Tre Fiori,SMR,0,741.013427734,2022-07-29,2023-06-27
None,Tre Penne,SMR,0,691.84777832,2022-07-29,2023-06-27
None,La Fiorita,SMR,0,670.337097168,2022-07-29,2023-06-27


